{
  "run_name": "3_layer",
  "detection_mode": "intensity",
  "encoding": "patch_scan_20px_x40_patches",
  "best_acc": 0.375900000333786,
  "I_sat": NaN,
  "hw_aware": false,
  "epochs": 200,
  "per_class_acc": {
    "0": 0.5428571428571428,
    "1": 0.9330396475770925,
    "2": 0.187984496124031,
    "3": 0.5386138613861386,
    "4": 0.26782077393075354,
    "5": 0.06278026905829596,
    "6": 0.31941544885177453,
    "7": 0.10894941634241245,
    "8": 0.3726899383983573,
    "9": 0.3270564915758176
  }
}