{
  "run_name": "no_sat",
  "detection_mode": "intensity",
  "encoding": "patch_scan_20px_x40_patches",
  "best_acc": 0.3788999915122986,
  "I_sat": NaN,
  "hw_aware": false,
  "epochs": 200,
  "per_class_acc": {
    "0": 0.5295918367346939,
    "1": 0.958590308370044,
    "2": 0.23255813953488372,
    "3": 0.4594059405940594,
    "4": 0.3329938900203666,
    "5": 0.08071748878923767,
    "6": 0.3444676409185804,
    "7": 0.13326848249027237,
    "8": 0.26078028747433263,
    "9": 0.354806739345887
  }
}